Site,Latitude,Longitude,Year,Month,Season,Percent_C1,Percent_C2,Percent_C3,Percent_C4,Percent_C5,Percent_C6
SRS-1,25.7463,-80.65368,2019,1,Dry,0.245744215,0.167875219,0.132778331,0.19123624,0.08886826,0.173497736
SRS-1,25.7463,-80.65368,2019,2,Dry,0.237414072,0.167113076,0.129816675,0.189542698,0.086524112,0.189589367
SRS-1,25.7463,-80.65368,2019,3,Dry,0.241156837,0.177895191,0.131890116,0.186388274,0.090167267,0.172502315
SRS-1,25.7463,-80.65368,2019,5,Dry,0.232685248,0.166182083,0.126354838,0.189534941,0.085106046,0.200136844
SRS-1,25.7463,-80.65368,2019,6,Wet,0.236682188,0.169954982,0.128218062,0.18349163,0.086900135,0.194753003
SRS-1,25.7463,-80.65368,2019,7,Wet,0.242820187,0.181679837,0.132253338,0.169057351,0.089968973,0.184220314
SRS-1,25.7463,-80.65368,2019,9,Wet,0.242056779,0.174146554,0.132695668,0.170360848,0.091717301,0.189022851
SRS-1,25.7463,-80.65368,2019,10,Wet,0.239671945,0.172389874,0.129871419,0.182296045,0.087589048,0.188181671
SRS-1,25.7463,-80.65368,2020,2,Dry,0.240278559,0.168684435,0.131509556,0.191532548,0.0881438,0.179851102
SRS-1,25.7463,-80.65368,2020,3,Dry,0.245614409,0.169440331,0.132297,0.191757265,0.088626134,0.172264861
SRS-1,25.7463,-80.65368,2020,5,Dry,0.242042993,0.170494919,0.13323663,0.175856037,0.093861848,0.184507573
SRS-1,25.7463,-80.65368,2020,6,Wet,0.243381834,0.176278953,0.130286455,0.169529021,0.094398933,0.186124803
SRS-1,25.7463,-80.65368,2020,7,Wet,0.236474671,0.17641753,0.130928347,0.181709427,0.092157094,0.182312931
SRS-1,25.7463,-80.65368,2020,8,Wet,0.245577203,0.171156322,0.129172813,0.181295285,0.089156467,0.183641911
SRS-1,25.7463,-80.65368,2020,10,Wet,0.244531896,0.169528934,0.129888025,0.181530579,0.08661603,0.187904536
SRS-1,25.7463,-80.65368,2020,11,Wet,0.242563415,0.170085565,0.131212344,0.180761939,0.085362146,0.190014591
SRS-1,25.7463,-80.65368,2020,12,Dry,0.246423202,0.172618643,0.13123521,0.177658666,0.089483931,0.182580348
SRS-1,25.7463,-80.65368,2021,1,Dry,0.245644045,0.17353665,0.130070484,0.189281244,0.087013393,0.174454184
SRS-1,25.7463,-80.65368,2021,2,Dry,0.242802916,0.177698236,0.132120766,0.183207864,0.088913205,0.175257013
SRS-1,25.7463,-80.65368,2021,3,Dry,0.242499561,0.177936926,0.131722397,0.181141384,0.090092006,0.176607726
SRS-1,25.7463,-80.65368,2021,4,Dry,0.24322361,0.178132541,0.132620606,0.18262423,0.08872686,0.174672152
SRS-1,25.7463,-80.65368,2021,5,Dry,0.241550877,0.176076911,0.132721705,0.182286936,0.089440427,0.177923144
SRS-1,25.7463,-80.65368,2021,6,Wet,0.227724927,0.153785006,0.121367562,0.169881505,0.078224597,0.249016404
SRS-1,25.7463,-80.65368,2021,8,Wet,0.24298981,0.177531275,0.128920032,0.179968413,0.090080338,0.180510133
SRS-1,25.7463,-80.65368,2021,11,Wet,0.234183794,0.179334142,0.133252538,0.18501774,0.094778216,0.17343357
SRS-1,25.7463,-80.65368,2021,12,Dry,0.243979711,0.174796178,0.129633761,0.173078429,0.090276745,0.188235175
SRS-1,25.7463,-80.65368,2022,1,Dry,0.237221208,0.177274755,0.133997944,0.186691764,0.095184758,0.16962957
SRS-1,25.7463,-80.65368,2022,2,Dry,0.239977339,0.177213293,0.132514697,0.189490688,0.093071536,0.167732447
SRS-1,25.7463,-80.65368,2022,4,Dry,0.241386271,0.176254002,0.130749627,0.189873913,0.09076052,0.170975667
SRS-1,25.7463,-80.65368,2022,6,Wet,0.247067781,0.16498861,0.13114088,0.190432796,0.090594225,0.175775709
SRS-1,25.7463,-80.65368,2022,7,Wet,0.242223743,0.177245364,0.13280611,0.180740402,0.095711375,0.171273006
SRS-1,25.7463,-80.65368,2022,8,Wet,0.229034064,0.181966383,0.140877014,0.178658556,0.105264347,0.164199637
SRS-1,25.7463,-80.65368,2022,9,Wet,0.240641354,0.175111464,0.132894478,0.182683919,0.093880024,0.174788761
SRS-1,25.7463,-80.65368,2022,10,Wet,0.239652904,0.177722967,0.130126355,0.182344775,0.095048506,0.175104493
SRS-1,25.7463,-80.65368,2022,11,Wet,0.248214566,0.178438626,0.131768316,0.181080484,0.091124751,0.169373256
SRS-1,25.7463,-80.65368,2022,12,Dry,0.244447797,0.175180364,0.127893161,0.184851919,0.089017658,0.178609101
SRS-2,25.54972811,-80.78520692,2019,1,Dry,0.244473972,0.175940339,0.131951527,0.174889253,0.095983877,0.176761032
SRS-2,25.54972811,-80.78520692,2019,2,Dry,0.243444517,0.172497069,0.130572366,0.1808892,0.093205974,0.179390874
SRS-2,25.54972811,-80.78520692,2019,3,Dry,0.228835857,0.160403863,0.12660119,0.177933549,0.086818771,0.21940677
SRS-2,25.54972811,-80.78520692,2019,4,Dry,0.235519661,0.162478817,0.130628239,0.188438904,0.087966022,0.194968358
SRS-2,25.54972811,-80.78520692,2019,5,Dry,0.230684624,0.161111457,0.127287996,0.179333745,0.087224157,0.214358022
SRS-2,25.54972811,-80.78520692,2019,6,Wet,0.226952665,0.154329452,0.125853398,0.179897268,0.083635831,0.229331386
SRS-2,25.54972811,-80.78520692,2019,7,Wet,0.246805487,0.184958651,0.138588188,0.131302305,0.105162883,0.193182486
SRS-2,25.54972811,-80.78520692,2019,9,Wet,0.237140782,0.175733098,0.130473521,0.16918211,0.09629359,0.191176901
SRS-2,25.54972811,-80.78520692,2019,10,Wet,0.242211758,0.178538849,0.130711394,0.164366229,0.099513864,0.184657906
SRS-2,25.54972811,-80.78520692,2020,2,Dry,0.245515366,0.174577744,0.132501982,0.165238623,0.097849552,0.184316734
SRS-2,25.54972811,-80.78520692,2020,3,Dry,0.243481286,0.175303486,0.130280568,0.176558896,0.09632649,0.178049274
SRS-2,25.54972811,-80.78520692,2020,6,Wet,0.243349475,0.17355981,0.131067527,0.167780844,0.100724221,0.183518124
SRS-2,25.54972811,-80.78520692,2020,7,Wet,0.243906755,0.176847067,0.13114721,0.161291426,0.102093217,0.184714325
SRS-2,25.54972811,-80.78520692,2020,8,Wet,0.240896534,0.174406861,0.12898679,0.17302177,0.096525227,0.186162819
SRS-2,25.54972811,-80.78520692,2020,10,Wet,0.242040672,0.171876836,0.129473817,0.169699292,0.091930661,0.194978722
SRS-2,25.54972811,-80.78520692,2020,11,Wet,0.242616512,0.175581811,0.130718815,0.174654399,0.092740252,0.183688211
SRS-2,25.54972811,-80.78520692,2020,12,Dry,0.242155452,0.17864241,0.133577693,0.166788036,0.092468767,0.186367642
SRS-2,25.54972811,-80.78520692,2021,1,Dry,0.23845572,0.178481608,0.130756314,0.179505012,0.091321968,0.181479378
SRS-2,25.54972811,-80.78520692,2021,2,Dry,0.231015693,0.17793491,0.127775573,0.193558062,0.091282834,0.178432928
SRS-2,25.54972811,-80.78520692,2021,3,Dry,0.239620009,0.179217358,0.129703542,0.175987284,0.093721665,0.181750142
SRS-2,25.54972811,-80.78520692,2021,5,Dry,0.243742724,0.178361403,0.132815413,0.172298898,0.093855548,0.178926014
SRS-2,25.54972811,-80.78520692,2021,8,Wet,0.24811216,0.178122637,0.130228147,0.157520726,0.0969748,0.18904153
SRS-2,25.54972811,-80.78520692,2021,11,Wet,0.237933597,0.18048375,0.135600273,0.174289135,0.098708612,0.172984632
SRS-2,25.54972811,-80.78520692,2021,12,Dry,0.239998246,0.180123084,0.132545696,0.180100233,0.095222082,0.17201066
SRS-2,25.54972811,-80.78520692,2022,1,Dry,0.236050492,0.178146332,0.134447235,0.177500409,0.09884195,0.175013582
SRS-2,25.54972811,-80.78520692,2022,2,Dry,0.244933869,0.177940445,0.130424299,0.1766328,0.092319046,0.177749541
SRS-2,25.54972811,-80.78520692,2022,3,Dry,0.238869338,0.178263214,0.132632831,0.175218808,0.097633486,0.177382323
SRS-2,25.54972811,-80.78520692,2022,4,Dry,0.241383172,0.179205243,0.13125998,0.165252831,0.09798915,0.184909624
SRS-2,25.54972811,-80.78520692,2022,5,Dry,0.243097241,0.177963464,0.131957553,0.164046074,0.098491795,0.184443873
SRS-2,25.54972811,-80.78520692,2022,6,Wet,0.249007238,0.177685581,0.131104744,0.174328184,0.098560016,0.169314236
SRS-2,25.54972811,-80.78520692,2022,7,Wet,0.236961214,0.180291391,0.13237264,0.171404725,0.099365235,0.179604795
SRS-2,25.54972811,-80.78520692,2022,8,Wet,0.237142524,0.18664257,0.143473342,0.146192384,0.11635403,0.17019515
SRS-2,25.54972811,-80.78520692,2022,10,Wet,0.240870992,0.179401174,0.128983509,0.172468146,0.098552691,0.179723489
SRS-2,25.54972811,-80.78520692,2022,11,Wet,0.246560655,0.176883499,0.130880005,0.183019076,0.094599339,0.168057426
SRS-2,25.54972811,-80.78520692,2022,12,Dry,0.245314586,0.174957848,0.131438566,0.175497942,0.092267167,0.180523891
SRS-3,25.46820617,-80.85327617,2019,1,Dry,0.24012032,0.173979543,0.131229808,0.179791246,0.093929593,0.180949491
SRS-3,25.46820617,-80.85327617,2019,2,Dry,0.241639998,0.173352941,0.13243417,0.178888805,0.093994021,0.179690065
SRS-3,25.46820617,-80.85327617,2019,3,Dry,0.235583329,0.169263973,0.128864237,0.177725827,0.091920196,0.196642438
SRS-3,25.46820617,-80.85327617,2019,4,Dry,0.23617939,0.175894751,0.134301697,0.177675224,0.094907777,0.18104116
SRS-3,25.46820617,-80.85327617,2019,5,Dry,0.23946028,0.173216643,0.130987043,0.182184779,0.094130816,0.18002044
SRS-3,25.46820617,-80.85327617,2019,6,Wet,0.234299201,0.171030424,0.124951188,0.155934322,0.089959113,0.223825754
SRS-3,25.46820617,-80.85327617,2019,7,Wet,0.243773722,0.181799426,0.137474006,0.141144378,0.09918968,0.196618786
SRS-3,25.46820617,-80.85327617,2019,9,Wet,0.246149462,0.176771893,0.129170491,0.168940389,0.096569228,0.182398537
SRS-3,25.46820617,-80.85327617,2019,10,Wet,0.23488561,0.164563398,0.124076503,0.172507027,0.087028973,0.216938488
SRS-3,25.46820617,-80.85327617,2020,2,Dry,0.241387487,0.173159236,0.131110082,0.180246572,0.094750546,0.179346077
SRS-3,25.46820617,-80.85327617,2020,3,Dry,0.241908738,0.17253497,0.129866973,0.178853604,0.093619308,0.183216407
SRS-3,25.46820617,-80.85327617,2020,5,Dry,0.240257955,0.177693209,0.129496675,0.162288195,0.103242773,0.187021193
SRS-3,25.46820617,-80.85327617,2020,6,Wet,0.241707372,0.172452909,0.130194311,0.171578694,0.099203184,0.18486353
SRS-3,25.46820617,-80.85327617,2020,7,Wet,0.240029095,0.174952333,0.133134964,0.15870529,0.095947051,0.197231267
SRS-3,25.46820617,-80.85327617,2020,8,Wet,0.240779619,0.174861835,0.13284664,0.176287902,0.09377206,0.181451945
SRS-3,25.46820617,-80.85327617,2020,10,Wet,0.239834157,0.16797255,0.129743208,0.181470026,0.088814514,0.192165545
SRS-3,25.46820617,-80.85327617,2020,11,Wet,0.239879234,0.170453987,0.12849833,0.174847323,0.086825179,0.199495947
SRS-3,25.46820617,-80.85327617,2020,12,Dry,0.242731566,0.175245716,0.132054145,0.172981274,0.088727748,0.188259552
SRS-3,25.46820617,-80.85327617,2021,1,Dry,0.242578925,0.176755029,0.129231744,0.186027224,0.088978409,0.176428669
SRS-3,25.46820617,-80.85327617,2021,2,Dry,0.239061833,0.176080568,0.12935341,0.189170672,0.090680257,0.175653261
SRS-3,25.46820617,-80.85327617,2021,3,Dry,0.237627659,0.176878859,0.1314066,0.175767526,0.091733067,0.186586289
SRS-3,25.46820617,-80.85327617,2021,4,Dry,0.242743939,0.17193748,0.132329003,0.180525995,0.091241984,0.181221598
SRS-3,25.46820617,-80.85327617,2021,5,Dry,0.239261376,0.174703715,0.132428284,0.174949868,0.092407394,0.186249363
SRS-3,25.46820617,-80.85327617,2021,6,Wet,0.242447149,0.172895438,0.130457526,0.180261657,0.09101178,0.18292645
SRS-3,25.46820617,-80.85327617,2021,8,Wet,0.230846717,0.169009376,0.127306665,0.173315018,0.089352607,0.210169617
SRS-3,25.46820617,-80.85327617,2021,11,Wet,0.247134648,0.168241748,0.128130001,0.174337407,0.088577679,0.193578517
SRS-3,25.46820617,-80.85327617,2021,12,Dry,0.234063081,0.169392195,0.127570043,0.164316629,0.090318369,0.214339683
SRS-3,25.46820617,-80.85327617,2022,1,Dry,0.234679463,0.175376644,0.13441899,0.180491618,0.095860978,0.179172307
SRS-3,25.46820617,-80.85327617,2022,2,Dry,0.245837874,0.172910505,0.130300167,0.191381356,0.089018847,0.17055125
SRS-3,25.46820617,-80.85327617,2022,3,Dry,0.237288143,0.174970957,0.133616502,0.181312848,0.093447282,0.179364269
SRS-3,25.46820617,-80.85327617,2022,4,Dry,0.246348835,0.174219581,0.133338314,0.178732723,0.094773871,0.172586676
SRS-3,25.46820617,-80.85327617,2022,5,Dry,0.237420398,0.177068228,0.132664,0.17125265,0.095921873,0.18567285
SRS-3,25.46820617,-80.85327617,2022,6,Wet,0.247337984,0.177771836,0.132364548,0.174548142,0.099562711,0.168414779
SRS-3,25.46820617,-80.85327617,2022,7,Wet,0.236004942,0.174115407,0.128868206,0.18487294,0.095476045,0.18066246
SRS-3,25.46820617,-80.85327617,2022,9,Wet,0.236350045,0.176171857,0.130219301,0.177219066,0.096213924,0.183825807
SRS-3,25.46820617,-80.85327617,2022,10,Wet,0.243609034,0.175130422,0.130782561,0.176742869,0.094215196,0.179519919
SRS-3,25.46820617,-80.85327617,2022,11,Wet,0.242984187,0.179091165,0.132335963,0.179352226,0.095217093,0.171019366
SRS-3,25.46820617,-80.85327617,2022,12,Dry,0.241291701,0.175899092,0.131795103,0.17104126,0.09533786,0.184634984
SRS-4,25.40976421,-80.96431016,2019,1,Dry,0.237053127,0.16322624,0.121803688,0.180050294,0.089318066,0.208548585
SRS-4,25.40976421,-80.96431016,2019,2,Dry,0.2432189,0.181361156,0.126379528,0.170615828,0.098225973,0.180198614
SRS-4,25.40976421,-80.96431016,2019,3,Dry,0.243400385,0.180736447,0.125985544,0.170130652,0.096796594,0.182950378
SRS-4,25.40976421,-80.96431016,2019,4,Dry,0.239744371,0.189840294,0.129046137,0.155258685,0.101859218,0.184251296
SRS-4,25.40976421,-80.96431016,2019,5,Dry,0.234090114,0.186659362,0.124722051,0.167363365,0.098732567,0.188432543
SRS-4,25.40976421,-80.96431016,2019,6,Wet,0.237835518,0.185439974,0.124265318,0.166080501,0.099050432,0.187328258
SRS-4,25.40976421,-80.96431016,2019,7,Wet,0.24869739,0.190456247,0.135955408,0.125095825,0.105995899,0.19379923
SRS-4,25.40976421,-80.96431016,2019,9,Wet,0.24419669,0.176671546,0.124774398,0.166035015,0.097586241,0.190736108
SRS-4,25.40976421,-80.96431016,2020,2,Dry,0.247868154,0.179002177,0.128360561,0.162952037,0.098802137,0.183014934
SRS-4,25.40976421,-80.96431016,2020,3,Dry,0.242204885,0.180912466,0.126760956,0.169108234,0.09844654,0.182566918
SRS-4,25.40976421,-80.96431016,2020,5,Dry,0.245680297,0.185206258,0.12837836,0.152775927,0.100355564,0.187603594
SRS-4,25.40976421,-80.96431016,2020,6,Wet,0.244211853,0.184920268,0.124157341,0.154913614,0.103323248,0.188473675
SRS-4,25.40976421,-80.96431016,2020,7,Wet,0.240075231,0.185727639,0.131106954,0.147258982,0.100668114,0.195163079
SRS-4,25.40976421,-80.96431016,2020,8,Wet,0.247749951,0.17866613,0.130511058,0.157248034,0.098581588,0.187243239
SRS-4,25.40976421,-80.96431016,2020,9,Wet,0.243071604,0.181416446,0.129382128,0.145804861,0.102213028,0.198111933
SRS-4,25.40976421,-80.96431016,2020,10,Wet,0.247568703,0.173721478,0.129229749,0.1653726,0.09677358,0.187333889
SRS-4,25.40976421,-80.96431016,2020,11,Wet,0.249062961,0.17569958,0.131094174,0.169894325,0.092761984,0.181486976
SRS-4,25.40976421,-80.96431016,2020,12,Dry,0.239194753,0.17517834,0.130743516,0.176714626,0.090756109,0.187412656
SRS-4,25.40976421,-80.96431016,2021,1,Dry,0.240008341,0.177358758,0.128030949,0.186793495,0.09036296,0.177445497
SRS-4,25.40976421,-80.96431016,2021,2,Dry,0.243799212,0.178045371,0.129046568,0.174278843,0.092928014,0.181901992
SRS-4,25.40976421,-80.96431016,2021,3,Dry,0.243376288,0.180944279,0.129318876,0.165439565,0.096920664,0.184000328
SRS-4,25.40976421,-80.96431016,2021,4,Dry,0.237434397,0.181988811,0.128052365,0.181142237,0.094559373,0.176822817
SRS-4,25.40976421,-80.96431016,2021,5,Dry,0.244970319,0.17956745,0.129494134,0.170618405,0.093764423,0.181585269
SRS-4,25.40976421,-80.96431016,2021,6,Wet,0.248161297,0.182817432,0.127428189,0.166956322,0.093761277,0.180875483
SRS-4,25.40976421,-80.96431016,2021,8,Wet,0.24990771,0.182158818,0.125614829,0.15635138,0.098329224,0.18763804
SRS-4,25.40976421,-80.96431016,2021,11,Wet,0.237261394,0.178917378,0.132124032,0.170278157,0.100384744,0.181034294
SRS-4,25.40976421,-80.96431016,2021,12,Dry,0.241189679,0.173097843,0.133937064,0.182663516,0.095919293,0.173192606
SRS-4,25.40976421,-80.96431016,2022,2,Dry,0.247019138,0.176414546,0.129646685,0.179679733,0.091649997,0.175589901
SRS-4,25.40976421,-80.96431016,2022,3,Dry,0.242078313,0.179450707,0.131218315,0.178434493,0.09640183,0.172416343
SRS-4,25.40976421,-80.96431016,2022,4,Dry,0.240671211,0.18268884,0.132541045,0.174840383,0.097481798,0.171776724
SRS-4,25.40976421,-80.96431016,2022,5,Dry,0.244676123,0.182725066,0.131395392,0.164055023,0.097972719,0.179175676
SRS-4,25.40976421,-80.96431016,2022,6,Wet,0.251558607,0.18594763,0.129456257,0.157542927,0.105273739,0.17022084
SRS-4,25.40976421,-80.96431016,2022,7,Wet,0.150708191,0.261510762,0.17784018,0.23338385,0.12073447,0.055822546
SRS-4,25.40976421,-80.96431016,2022,8,Wet,0.238701344,0.181971978,0.129704369,0.168828292,0.10161374,0.179180277
SRS-4,25.40976421,-80.96431016,2022,9,Wet,0.239240445,0.181237719,0.129027404,0.161994996,0.102393185,0.186106251
SRS-4,25.40976421,-80.96431016,2022,10,Wet,0.248659663,0.183080671,0.132313365,0.153146778,0.106356157,0.176443366
SRS-4,25.40976421,-80.96431016,2022,11,Wet,0.250382467,0.177674588,0.130400617,0.180881507,0.096783872,0.163876949
SRS-4,25.40976421,-80.96431016,2022,12,Dry,0.24442435,0.175636749,0.128567134,0.172442031,0.094589167,0.184340569
SRS-5,25.37702258,-81.03234716,2019,1,Dry,0.24101824,0.183072098,0.125385812,0.173134324,0.095716366,0.181673161
SRS-5,25.37702258,-81.03234716,2019,2,Dry,0.242642847,0.183599134,0.127148125,0.161269681,0.09972256,0.185617652
SRS-5,25.37702258,-81.03234716,2019,3,Dry,0.244162276,0.183160724,0.124804703,0.163791655,0.096502135,0.187578506
SRS-5,25.37702258,-81.03234716,2019,4,Dry,0.234250406,0.189719705,0.12465869,0.151872618,0.100221219,0.199277361
SRS-5,25.37702258,-81.03234716,2019,5,Dry,0.238472185,0.187812411,0.124781227,0.154632625,0.099696052,0.194605501
SRS-5,25.37702258,-81.03234716,2019,6,Wet,0.238220976,0.188228292,0.12219975,0.157935962,0.096768077,0.196646945
SRS-5,25.37702258,-81.03234716,2019,7,Wet,0.244454543,0.191196489,0.13497725,0.127537652,0.108058476,0.193775589
SRS-5,25.37702258,-81.03234716,2019,9,Wet,0.243425855,0.182551043,0.12593165,0.152892353,0.099858677,0.195340423
SRS-5,25.37702258,-81.03234716,2019,10,Wet,0.228951451,0.167131993,0.11718141,0.144372534,0.089797196,0.252565415
SRS-5,25.37702258,-81.03234716,2020,2,Dry,0.248514487,0.184004283,0.122765263,0.156481579,0.094822148,0.193412239
SRS-5,25.37702258,-81.03234716,2020,3,Dry,0.23838238,0.186193766,0.124076338,0.161548317,0.096118461,0.193680739
SRS-5,25.37702258,-81.03234716,2020,5,Dry,0.239489162,0.185162991,0.124501124,0.15963037,0.099864609,0.191351743
SRS-5,25.37702258,-81.03234716,2020,6,Wet,0.240107296,0.18488507,0.121762267,0.148923173,0.102626667,0.201695527
SRS-5,25.37702258,-81.03234716,2020,7,Wet,0.233012496,0.188881425,0.126425999,0.152635201,0.101906838,0.197138042
SRS-5,25.37702258,-81.03234716,2020,8,Wet,0.243719909,0.181772713,0.122785215,0.159613119,0.100941108,0.191167936
SRS-5,25.37702258,-81.03234716,2020,9,Wet,0.24533996,0.17816651,0.134356146,0.15162469,0.100062524,0.190450171
SRS-5,25.37702258,-81.03234716,2020,10,Wet,0.249157229,0.176854154,0.132201822,0.153216456,0.099519587,0.189050752
SRS-5,25.37702258,-81.03234716,2020,11,Wet,0.240089367,0.179810122,0.128425631,0.160515535,0.094660278,0.196499068
SRS-5,25.37702258,-81.03234716,2020,12,Dry,0.247262835,0.177450272,0.130130041,0.158085472,0.094346402,0.192724977
SRS-5,25.37702258,-81.03234716,2021,1,Dry,0.242914605,0.179088717,0.129316741,0.175410516,0.093016378,0.180253042
SRS-5,25.37702258,-81.03234716,2021,2,Dry,0.237856995,0.182979216,0.125697526,0.173191337,0.094721194,0.185553732
SRS-5,25.37702258,-81.03234716,2021,3,Dry,0.241220048,0.182664231,0.128444195,0.167301201,0.096123457,0.184246869
SRS-5,25.37702258,-81.03234716,2021,4,Dry,0.236606407,0.188997359,0.122767111,0.170716435,0.095314292,0.185598395
SRS-5,25.37702258,-81.03234716,2021,5,Dry,0.244382292,0.184272865,0.126159186,0.167104122,0.093272661,0.184808874
SRS-5,25.37702258,-81.03234716,2021,6,Wet,0.248926864,0.181324514,0.122469478,0.159765272,0.09243237,0.195081502
SRS-5,25.37702258,-81.03234716,2021,8,Wet,0.246498441,0.1839663,0.124653984,0.150167969,0.099652373,0.195060932
SRS-5,25.37702258,-81.03234716,2021,11,Wet,0.236237872,0.183458289,0.130846781,0.166606319,0.103129378,0.179721361
SRS-5,25.37702258,-81.03234716,2021,12,Dry,0.240832618,0.181809704,0.130124724,0.169234542,0.100570602,0.177427811
SRS-5,25.37702258,-81.03234716,2022,2,Dry,0.243723526,0.179970746,0.128359687,0.173755226,0.094603391,0.179587423
SRS-5,25.37702258,-81.03234716,2022,3,Dry,0.235570696,0.183690557,0.130105389,0.175988923,0.100372828,0.174271607
SRS-5,25.37702258,-81.03234716,2022,5,Dry,0.235272457,0.187460236,0.127013825,0.167317763,0.098605398,0.184330321
SRS-5,25.37702258,-81.03234716,2022,6,Wet,0.249812944,0.189378743,0.126227397,0.164007402,0.105404042,0.165169471
SRS-5,25.37702258,-81.03234716,2022,7,Wet,0.24462153,0.18500129,0.128614654,0.156204466,0.103477097,0.182080963
SRS-5,25.37702258,-81.03234716,2022,8,Wet,0.239525992,0.185699631,0.125098732,0.161694487,0.099977859,0.188003299
SRS-5,25.37702258,-81.03234716,2022,9,Wet,0.236362315,0.184499824,0.124825102,0.162990254,0.103467054,0.187855451
SRS-5,25.37702258,-81.03234716,2022,10,Wet,0.239100392,0.187757983,0.127046832,0.16397988,0.105300982,0.17681393
SRS-5,25.37702258,-81.03234716,2022,11,Wet,0.246640802,0.183782312,0.129147716,0.168221248,0.10006726,0.172140662
SRS-5,25.37702258,-81.03234716,2022,12,Dry,0.242219444,0.180622281,0.127274489,0.163073186,0.097560069,0.18925053
SRS-6,25.36462994,-81.07794623,2019,1,Dry,0.242176092,0.183939737,0.125559371,0.162778991,0.096315096,0.189230713
SRS-6,25.36462994,-81.07794623,2019,2,Dry,0.234836723,0.184703829,0.123556289,0.169228363,0.096170252,0.191504544
SRS-6,25.36462994,-81.07794623,2019,3,Dry,0.237354825,0.18259205,0.122691261,0.167984721,0.092130344,0.197246799
SRS-6,25.36462994,-81.07794623,2019,4,Dry,0.236089812,0.185286918,0.1221702,0.164904179,0.09572256,0.19582633
SRS-6,25.36462994,-81.07794623,2019,5,Dry,0.235931825,0.184402625,0.123359086,0.170051411,0.092189228,0.194065827
SRS-6,25.36462994,-81.07794623,2019,6,Wet,0.23358786,0.189760825,0.124065058,0.167993564,0.093629769,0.190962924
SRS-6,25.36462994,-81.07794623,2019,7,Wet,0.244666192,0.197716823,0.13574146,0.120724712,0.104953145,0.196197667
SRS-6,25.36462994,-81.07794623,2019,9,Wet,0.227553978,0.171221243,0.115440296,0.155205152,0.090462418,0.240116915
SRS-6,25.36462994,-81.07794623,2020,3,Dry,0.237456583,0.17991905,0.122727654,0.177339243,0.09039671,0.19216076
SRS-6,25.36462994,-81.07794623,2020,5,Dry,0.239064288,0.184411521,0.124199678,0.166258669,0.095765335,0.19030051
SRS-6,25.36462994,-81.07794623,2020,6,Wet,0.240604823,0.186308458,0.12511196,0.151071713,0.098566126,0.19833692
SRS-6,25.36462994,-81.07794623,2020,7,Wet,0.238947788,0.183922948,0.124083757,0.171863384,0.092672391,0.188509732
SRS-6,25.36462994,-81.07794623,2020,8,Wet,0.240030268,0.183850028,0.124089071,0.154433987,0.099251987,0.19834466
SRS-6,25.36462994,-81.07794623,2020,9,Wet,0.242719854,0.182960444,0.127328134,0.162724949,0.099800815,0.184465804
SRS-6,25.36462994,-81.07794623,2020,10,Wet,0.243536319,0.179988446,0.126385235,0.162201724,0.099798793,0.188089483
SRS-6,25.36462994,-81.07794623,2020,11,Wet,0.241790854,0.183021134,0.128427873,0.15715502,0.097280841,0.192324277
SRS-6,25.36462994,-81.07794623,2020,12,Dry,0.242038499,0.179680614,0.129729223,0.157435434,0.094589121,0.19652711
SRS-6,25.36462994,-81.07794623,2021,1,Dry,0.240773104,0.180174971,0.128450497,0.175404708,0.093657917,0.181538802
SRS-6,25.36462994,-81.07794623,2021,2,Dry,0.242838815,0.182470741,0.126132563,0.159838768,0.094478618,0.194240494
SRS-6,25.36462994,-81.07794623,2021,3,Dry,0.244318924,0.183515747,0.124185336,0.175050939,0.093039986,0.179889068
SRS-6,25.36462994,-81.07794623,2021,4,Dry,0.236982805,0.187898044,0.122440137,0.169538396,0.091776408,0.191364209
SRS-6,25.36462994,-81.07794623,2021,5,Dry,0.243262222,0.183608257,0.12231073,0.161747085,0.089586684,0.199485022
SRS-6,25.36462994,-81.07794623,2021,6,Wet,0.245840468,0.183723854,0.122570202,0.168399453,0.089402238,0.190063785
SRS-6,25.36462994,-81.07794623,2021,8,Wet,0.246796375,0.184510985,0.123006406,0.151984506,0.095513674,0.198188054
SRS-6,25.36462994,-81.07794623,2021,11,Wet,0.232250663,0.188180093,0.133253121,0.157321617,0.103209933,0.185784572
SRS-6,25.36462994,-81.07794623,2021,12,Dry,0.240143101,0.181946693,0.128408173,0.167417587,0.099360784,0.182723662
SRS-6,25.36462994,-81.07794623,2022,2,Dry,0.245956435,0.181303051,0.126377755,0.168961565,0.094490159,0.182911035
SRS-6,25.36462994,-81.07794623,2022,3,Dry,0.237115215,0.183768694,0.126661499,0.182345916,0.098043161,0.172065514
SRS-6,25.36462994,-81.07794623,2022,4,Dry,0.242870185,0.188405108,0.128181936,0.165164457,0.098483327,0.176894986
SRS-6,25.36462994,-81.07794623,2022,5,Dry,0.243212586,0.1879784,0.127400853,0.162789279,0.095253088,0.183365794
SRS-6,25.36462994,-81.07794623,2022,6,Wet,0.240759355,0.185508985,0.124899096,0.161927897,0.102708066,0.184196601
SRS-6,25.36462994,-81.07794623,2022,7,Wet,0.237256832,0.193261781,0.132216743,0.170282579,0.104442395,0.162539672
SRS-6,25.36462994,-81.07794623,2022,8,Wet,0.24026344,0.189625075,0.126889946,0.1662465,0.100064205,0.176910835
SRS-6,25.36462994,-81.07794623,2022,9,Wet,0.240106386,0.185726771,0.125367754,0.167625657,0.098888246,0.182285187
SRS-6,25.36462994,-81.07794623,2022,11,Wet,0.247792331,0.188753454,0.128519175,0.162258164,0.100424337,0.172252538
SRS-6,25.36462994,-81.07794623,2022,12,Dry,0.242086032,0.183297091,0.126062453,0.166083298,0.098379369,0.184091756
TS/Ph-1,25.42388762,-80.5902979,2019,7,Wet,0.242439963,0.169453711,0.125595296,0.179836712,0.089569502,0.193104817
TS/Ph-1,25.42388762,-80.5902979,2019,10,Wet,0.243530001,0.170181804,0.124113406,0.179611712,0.091711279,0.190851798
TS/Ph-1,25.42388762,-80.5902979,2019,11,Wet,0.24963792,0.166007166,0.122839154,0.179152203,0.090402791,0.191960766
TS/Ph-1,25.42388762,-80.5902979,2019,12,Dry,0.2461752,0.168582218,0.125070329,0.182276888,0.091785338,0.186110026
TS/Ph-1,25.42388762,-80.5902979,2020,1,Dry,0.249515871,0.169943585,0.124700587,0.181293348,0.092193116,0.182353493
TS/Ph-1,25.42388762,-80.5902979,2020,2,Dry,0.249590158,0.170366949,0.12861608,0.178886023,0.091507599,0.181033191
TS/Ph-1,25.42388762,-80.5902979,2020,3,Dry,0.253564466,0.170950399,0.126195654,0.176561189,0.088730569,0.183997722
TS/Ph-1,25.42388762,-80.5902979,2020,6,Wet,0.249093869,0.171969625,0.129097619,0.167759559,0.094478098,0.187601229
TS/Ph-1,25.42388762,-80.5902979,2020,7,Wet,0.247887636,0.17268892,0.124429901,0.177542277,0.088360322,0.189090944
TS/Ph-1,25.42388762,-80.5902979,2020,8,Wet,0.241700134,0.17719656,0.130947562,0.162160596,0.102297747,0.185697403
TS/Ph-1,25.42388762,-80.5902979,2020,9,Wet,0.247058839,0.172215935,0.128906678,0.177254619,0.087585303,0.186978626
TS/Ph-1,25.42388762,-80.5902979,2020,10,Wet,0.246642078,0.175698233,0.128029006,0.181306673,0.091441828,0.176882183
TS/Ph-1,25.42388762,-80.5902979,2020,11,Wet,0.247191776,0.174551624,0.129465625,0.177014403,0.090754227,0.181022345
TS/Ph-1,25.42388762,-80.5902979,2020,12,Dry,0.246534124,0.172799847,0.127251473,0.183636393,0.088770138,0.181008026
TS/Ph-1,25.42388762,-80.5902979,2021,1,Dry,0.235342979,0.175071407,0.125201392,0.192981724,0.086141163,0.185261335
TS/Ph-1,25.42388762,-80.5902979,2021,2,Dry,0.239254386,0.171307369,0.123541146,0.188886943,0.086424071,0.190586084
TS/Ph-1,25.42388762,-80.5902979,2021,3,Dry,0.242455706,0.168632895,0.124879221,0.179502057,0.085978492,0.198551629
TS/Ph-1,25.42388762,-80.5902979,2021,7,Wet,0.23932127,0.164586427,0.119026189,0.138691994,0.092172485,0.246201635
TS/Ph-1,25.42388762,-80.5902979,2021,8,Wet,0.24761465,0.173037218,0.128367091,0.170594744,0.092728573,0.187657724
TS/Ph-1,25.42388762,-80.5902979,2021,9,Wet,0.245984948,0.163684761,0.123381223,0.173626255,0.090591245,0.202731567
TS/Ph-1,25.42388762,-80.5902979,2021,12,Dry,0.239393434,0.168951776,0.128324977,0.176028675,0.093950188,0.193350951
TS/Ph-1,25.42388762,-80.5902979,2022,1,Dry,0.232420356,0.167331937,0.127788048,0.180155633,0.093949526,0.1983545
TS/Ph-1,25.42388762,-80.5902979,2022,2,Dry,0.241315071,0.169471223,0.12482864,0.183902232,0.091172041,0.189310794
TS/Ph-1,25.42388762,-80.5902979,2022,6,Wet,0.241081928,0.176310486,0.128995919,0.183611144,0.097788099,0.172212424
TS/Ph-1,25.42388762,-80.5902979,2022,7,Wet,0.237340825,0.164334237,0.122103125,0.178694719,0.089564123,0.20796297
TS/Ph-1,25.42388762,-80.5902979,2022,9,Wet,0.23909542,0.164457098,0.123921559,0.17286896,0.091081637,0.208575326
TS/Ph-1,25.42388762,-80.5902979,2022,10,Wet,0.240008895,0.176680128,0.12768652,0.190614847,0.095408305,0.169601305
TS/Ph-1,25.42388762,-80.5902979,2022,11,Wet,0.24828801,0.168889546,0.125079083,0.181541373,0.091942797,0.184259191
TS/Ph-1,25.42388762,-80.5902979,2022,12,Dry,0.246870526,0.168012885,0.124869244,0.181900308,0.091277059,0.187069978
TS/Ph-10,25.02476744,-80.68097374,2019,1,Dry,0.43325855,0.23861397,0,0.00801235,0,0.32011512
TS/Ph-10,25.02476744,-80.68097374,2019,2,Dry,0.42077165,0.23088355,0,0.02153153,0.00414317,0.32267011
TS/Ph-10,25.02476744,-80.68097374,2019,3,Dry,0.40325261,0.22838056,0.01895043,0.02628365,0.00626335,0.31686941
TS/Ph-10,25.02476744,-80.68097374,2019,4,Dry,0.43244285,0.24092213,0.00290476,0.01563056,0.00797779,0.30012191
TS/Ph-10,25.02476744,-80.68097374,2019,8,Wet,0.42722931,0.23016835,0.00052006,0.0162133,0.00333141,0.32253757
TS/Ph-10,25.02476744,-80.68097374,2019,9,Wet,0.43235554,0.22642348,0,0.01584962,0.0022182,0.32315316
TS/Ph-10,25.02476744,-80.68097374,2019,10,Wet,0.42440798,0.23332752,0,0.01918126,0.00317484,0.3199084
TS/Ph-10,25.02476744,-80.68097374,2019,12,Dry,0.40915,0.26753919,0.00324504,0,0.0075706,0.31249517
TS/Ph-10,25.02476744,-80.68097374,2020,1,Dry,0.43582519,0.23075975,0.001737642,0.008275491,0,0.323401926
TS/Ph-10,25.02476744,-80.68097374,2020,2,Dry,0.424900329,0.237982049,0,0.010551665,0.000401459,0.326164498
TS/Ph-10,25.02476744,-80.68097374,2020,3,Dry,0.424913947,0.253753336,0.004603389,0,0.005449916,0.311279412
TS/Ph-10,25.02476744,-80.68097374,2020,4,Dry,0.424764078,0.243420431,0.000810619,0.006911217,0.005083404,0.31901025
TS/Ph-10,25.02476744,-80.68097374,2020,5,Dry,0.433469251,0.23075361,0,0.014710237,0.000764773,0.320302128
TS/Ph-10,25.02476744,-80.68097374,2020,6,Wet,0.4344014,0.230956978,0,0.007594749,0.000463898,0.326582974
TS/Ph-10,25.02476744,-80.68097374,2020,7,Wet,0.202995955,0.139417955,0.103601669,0.203993796,0.063279411,0.286711214
TS/Ph-10,25.02476744,-80.68097374,2020,8,Wet,0.207949812,0.132749906,0.103856505,0.199570285,0.063898593,0.291974899
TS/Ph-10,25.02476744,-80.68097374,2020,9,Wet,0.229764805,0.141479489,0.104457259,0.206090372,0.064424657,0.253783417
TS/Ph-10,25.02476744,-80.68097374,2020,10,Wet,0.213092038,0.152418598,0.113221677,0.209702432,0.063884343,0.247680913
TS/Ph-10,25.02476744,-80.68097374,2020,11,Wet,0.229602178,0.147278898,0.107660858,0.234454727,0.065042573,0.215960765
TS/Ph-10,25.02476744,-80.68097374,2021,1,Dry,0.22928912,0.136082004,0.105624299,0.216749628,0.055645897,0.256609052
TS/Ph-10,25.02476744,-80.68097374,2021,2,Dry,0.232225239,0.139333499,0.104350013,0.217142909,0.058307822,0.248640517
TS/Ph-10,25.02476744,-80.68097374,2021,3,Dry,0.181807926,0.12584014,0.110308347,0.165577205,0.055241314,0.361225068
TS/Ph-10,25.02476744,-80.68097374,2021,4,Dry,0.200656059,0.126896994,0.104051403,0.193169613,0.05589917,0.319326762
TS/Ph-10,25.02476744,-80.68097374,2021,5,Dry,0.239152463,0.142818439,0.115670149,0.208888297,0.068395528,0.225075123
TS/Ph-10,25.02476744,-80.68097374,2021,6,Wet,0.213228467,0.145741469,0.114211876,0.182237412,0.069400855,0.275179922
TS/Ph-10,25.02476744,-80.68097374,2021,7,Wet,0.190786911,0.152843749,0.128651542,0.233311489,0.073349888,0.221056421
TS/Ph-10,25.02476744,-80.68097374,2021,8,Wet,0.192052038,0.144015475,0.120979297,0.253433302,0.065740363,0.223779525
TS/Ph-10,25.02476744,-80.68097374,2021,9,Wet,0.227077945,0.138417366,0.113352372,0.237645116,0.062459082,0.221048119
TS/Ph-10,25.02476744,-80.68097374,2021,10,Wet,0.22202056,0.140096929,0.109680492,0.243012103,0.067075631,0.218114285
TS/Ph-10,25.02476744,-80.68097374,2021,11,Wet,0.202678659,0.130043744,0.101857009,0.223746669,0.057687796,0.283986123
TS/Ph-10,25.02476744,-80.68097374,2021,12,Dry,0.225698461,0.139691384,0.102977319,0.241732816,0.058944854,0.230955166
TS/Ph-10,25.02476744,-80.68097374,2022,1,Dry,0.232878229,0.149107522,0.102414342,0.20887014,0.062468352,0.244261414
TS/Ph-10,25.02476744,-80.68097374,2022,2,Dry,0.235967309,0.142804468,0.113984663,0.133227897,0.065620429,0.308395235
TS/Ph-10,25.02476744,-80.68097374,2022,5,Dry,0.260452595,0.166732927,0.127871825,0.246326331,0.0846057,0.114010622
TS/Ph-10,25.02476744,-80.68097374,2022,6,Wet,0.32271263,0.192324551,0.132179214,0.252700646,0.100082959,0
TS/Ph-10,25.02476744,-80.68097374,2022,7,Wet,0.268379429,0.157013963,0.146737246,0.225753602,0.091216046,0.110899713
TS/Ph-11,24.91293492,-80.93798347,2019,2,Dry,0.412909578,0.241918322,0,0.016012054,0.005458192,0.323701855
TS/Ph-11,24.91293492,-80.93798347,2019,3,Dry,0.400535951,0.247619058,0.005253277,0.021402616,0.010555934,0.314633164
TS/Ph-11,24.91293492,-80.93798347,2019,4,Dry,0.415991208,0.238755955,0,0.017500326,0.002922841,0.324829671
TS/Ph-11,24.91293492,-80.93798347,2019,8,Wet,0.410035413,0.250454729,0,0.011273071,0.001905434,0.326331354
TS/Ph-11,24.91293492,-80.93798347,2019,9,Wet,0.41211079,0.249583718,0,0.014689521,0.00535958,0.31825639
TS/Ph-11,24.91293492,-80.93798347,2019,10,Wet,0.415787826,0.240528733,0.000549324,0.017298555,0.00551936,0.320316202
TS/Ph-11,24.91293492,-80.93798347,2019,11,Wet,0.413523559,0.250611732,0,0.013319945,0.007308582,0.315236183
TS/Ph-11,24.91293492,-80.93798347,2019,12,Dry,0.408401724,0.265358972,0,0.013447277,0.00414594,0.308646088
TS/Ph-11,24.91293492,-80.93798347,2020,1,Dry,0.407255461,0.24543236,0.002102607,0.006831582,0.002816127,0.335561863
TS/Ph-11,24.91293492,-80.93798347,2020,2,Dry,0.416634785,0.260090102,0,0.002848354,0.000790155,0.319636604
TS/Ph-11,24.91293492,-80.93798347,2020,4,Dry,0.41896816,0.246987367,0,0.005734983,0.005599592,0.322709898
TS/Ph-11,24.91293492,-80.93798347,2020,5,Dry,0.414628678,0.25215072,0,0.013278508,0.006468443,0.313473652
TS/Ph-11,24.91293492,-80.93798347,2020,6,Wet,0.432014483,0.230730925,0,0.011173238,0,0.326081354
TS/Ph-11,24.91293492,-80.93798347,2020,7,Wet,0.193792738,0.146330296,0.109555948,0.168800173,0.066247497,0.315273346
TS/Ph-11,24.91293492,-80.93798347,2020,9,Wet,0.20406321,0.139130376,0.089646933,0.199440241,0.065990783,0.301728457
TS/Ph-11,24.91293492,-80.93798347,2020,10,Wet,0.205545102,0.14998659,0.105200148,0.20210773,0.066897525,0.270262905
TS/Ph-11,24.91293492,-80.93798347,2020,11,Wet,0.214626551,0.140074074,0.101104993,0.212587448,0.061909049,0.269697886
TS/Ph-11,24.91293492,-80.93798347,2021,1,Dry,0.246037389,0.152504614,0.113392939,0.167822693,0.063602257,0.256640109
TS/Ph-11,24.91293492,-80.93798347,2021,2,Dry,0.244491033,0.156713717,0.115547873,0.200981455,0.069669111,0.212596811
TS/Ph-11,24.91293492,-80.93798347,2021,3,Dry,0.222475502,0.132484735,0.107796773,0.149997851,0.062416073,0.324829066
TS/Ph-11,24.91293492,-80.93798347,2021,4,Dry,0.202227345,0.154386187,0.120140262,0.202798741,0.064802894,0.255644572
TS/Ph-11,24.91293492,-80.93798347,2021,5,Dry,0.231787037,0.14839553,0.111443402,0.230510882,0.07102503,0.20683812
TS/Ph-11,24.91293492,-80.93798347,2021,6,Wet,0.213215419,0.141399207,0.104544758,0.18611762,0.066103173,0.288619823
TS/Ph-11,24.91293492,-80.93798347,2021,7,Wet,0.212572457,0.164056848,0.126568678,0.24528394,0.080585712,0.170932365
TS/Ph-11,24.91293492,-80.93798347,2021,8,Wet,0.175008519,0.1533982,0.115268011,0.207469271,0.067660691,0.281195308
TS/Ph-11,24.91293492,-80.93798347,2021,9,Wet,0.226695964,0.160827948,0.110960615,0.236953796,0.07390829,0.190653388
TS/Ph-11,24.91293492,-80.93798347,2021,10,Wet,0.226041113,0.1640052,0.119772521,0.216835909,0.079963379,0.193381877
TS/Ph-11,24.91293492,-80.93798347,2021,11,Wet,0.254738501,0.154910533,0.108990602,0.207258387,0.073268613,0.200833365
TS/Ph-11,24.91293492,-80.93798347,2021,12,Dry,0.239430154,0.158667347,0.117174037,0.219251315,0.072342912,0.193134234
TS/Ph-11,24.91293492,-80.93798347,2022,1,Dry,0.234992596,0.162304324,0.123481458,0.210929456,0.074074137,0.194218029
TS/Ph-11,24.91293492,-80.93798347,2022,2,Dry,0.224320925,0.159134249,0.121760751,0.201310386,0.074439173,0.219034517
TS/Ph-11,24.91293492,-80.93798347,2022,3,Dry,0.304262312,0.196128311,0.148176278,0.184363605,0.130025455,0.037044039
TS/Ph-11,24.91293492,-80.93798347,2022,4,Dry,0.28642062,0.171205141,0.144963205,0.177382449,0.143486829,0.076541759
TS/Ph-11,24.91293492,-80.93798347,2022,5,Dry,0.312695816,0.231445167,0.073145054,0.221034709,0.161679253,0
TS/Ph-11,24.91293492,-80.93798347,2022,6,Wet,0.25537012,0.155039159,0.122250276,0.212148899,0.077522656,0.17766889
TS/Ph-2,25.40357188,-80.60690341,2019,7,Wet,0.244883704,0.165509763,0.127305778,0.184631463,0.088965866,0.188703425
TS/Ph-2,25.40357188,-80.60690341,2019,12,Dry,0.250372555,0.165893881,0.125301959,0.179600308,0.090848688,0.187982609
TS/Ph-2,25.40357188,-80.60690341,2020,1,Dry,0.243104517,0.16710627,0.121396682,0.191774609,0.084947022,0.191670901
TS/Ph-2,25.40357188,-80.60690341,2020,2,Dry,0.253027306,0.17068367,0.127389726,0.179218954,0.093376723,0.176303621
TS/Ph-2,25.40357188,-80.60690341,2020,7,Wet,0.243893723,0.168020123,0.124364687,0.15820849,0.088477588,0.217035389
TS/Ph-2,25.40357188,-80.60690341,2020,8,Wet,0.240788369,0.168584755,0.124871267,0.195039772,0.087422634,0.183293204
TS/Ph-2,25.40357188,-80.60690341,2020,9,Wet,0.242149508,0.170649306,0.131443196,0.184144635,0.085958776,0.18565458
TS/Ph-2,25.40357188,-80.60690341,2020,10,Wet,0.243138069,0.163463894,0.123856518,0.187025162,0.080874922,0.201641433
TS/Ph-2,25.40357188,-80.60690341,2020,11,Wet,0.249210815,0.171402045,0.1261712,0.189944653,0.083780531,0.179490756
TS/Ph-2,25.40357188,-80.60690341,2020,12,Dry,0.242968548,0.171665985,0.129382165,0.180629476,0.082908882,0.192444943
TS/Ph-2,25.40357188,-80.60690341,2021,1,Dry,0.243915364,0.174211065,0.125240429,0.194872024,0.082560938,0.17920018
TS/Ph-2,25.40357188,-80.60690341,2021,2,Dry,0.242683769,0.174548067,0.126450299,0.192831821,0.085178776,0.178307268
TS/Ph-2,25.40357188,-80.60690341,2021,3,Dry,0.24587937,0.169639845,0.122561188,0.194308007,0.083021091,0.184590499
TS/Ph-2,25.40357188,-80.60690341,2021,4,Dry,0.254374915,0.167862042,0.129562392,0.1771554,0.0911879,0.179857351
TS/Ph-2,25.40357188,-80.60690341,2021,7,Wet,0.253791582,0.166934856,0.125301818,0.168468606,0.093013313,0.192489825
TS/Ph-2,25.40357188,-80.60690341,2021,8,Wet,0.250846131,0.168024803,0.125878614,0.173213469,0.091379605,0.190657378
TS/Ph-2,25.40357188,-80.60690341,2022,1,Dry,0.239205842,0.171504074,0.125647277,0.200171532,0.091106366,0.172364909
TS/Ph-2,25.40357188,-80.60690341,2022,2,Dry,0.249570043,0.173306258,0.121463166,0.197283011,0.086531851,0.171845671
TS/Ph-2,25.40357188,-80.60690341,2022,3,Dry,0.250736499,0.169349652,0.125221494,0.181735919,0.086915749,0.186040687
TS/Ph-2,25.40357188,-80.60690341,2022,4,Dry,0.241123835,0.167963959,0.127048454,0.186544074,0.093354266,0.183965412
TS/Ph-2,25.40357188,-80.60690341,2022,5,Dry,0.243032721,0.165103446,0.125267562,0.172330459,0.08965025,0.204615561
TS/Ph-2,25.40357188,-80.60690341,2022,6,Wet,0.228951613,0.162137205,0.126816822,0.176991785,0.09247995,0.212622625
TS/Ph-2,25.40357188,-80.60690341,2022,7,Wet,0.242224756,0.1685508,0.125235289,0.196647045,0.086715402,0.180626708
TS/Ph-2,25.40357188,-80.60690341,2022,8,Wet,0.245000246,0.16890847,0.127051278,0.192756846,0.084952958,0.181330201
TS/Ph-2,25.40357188,-80.60690341,2022,11,Wet,0.24254125,0.166198813,0.124674235,0.194033283,0.082197427,0.190354991
TS/Ph-2,25.40357188,-80.60690341,2022,12,Dry,0.209900896,0.150953192,0.171858626,0.193054013,0.081132481,0.193100792
TS/Ph-3,25.25240534,-80.66271768,2019,7,Wet,0.235260293,0.156807966,0.134414243,0.181319861,0.085901169,0.206296467
TS/Ph-3,25.25240534,-80.66271768,2020,8,Wet,0.242711691,0.157287084,0.130464317,0.176764531,0.089644189,0.203128187
TS/Ph-3,25.25240534,-80.66271768,2020,9,Wet,0.230411268,0.1551664,0.126146084,0.176010493,0.086197747,0.226068007
TS/Ph-3,25.25240534,-80.66271768,2020,10,Wet,0.237786053,0.163380512,0.128897061,0.159914137,0.092787759,0.217234478
TS/Ph-3,25.25240534,-80.66271768,2020,11,Wet,0.237748199,0.16974848,0.132981427,0.16193444,0.094446151,0.203141302
TS/Ph-3,25.25240534,-80.66271768,2020,12,Dry,0.241314316,0.166369078,0.129943247,0.1547736,0.093418776,0.214180984
TS/Ph-3,25.25240534,-80.66271768,2021,1,Dry,0.2411403,0.16728413,0.12962002,0.16547122,0.09168538,0.20479896
TS/Ph-3,25.25240534,-80.66271768,2021,2,Dry,0.23947099,0.15972916,0.12863414,0.17398981,0.09030819,0.2078677
TS/Ph-3,25.25240534,-80.66271768,2021,3,Dry,0.24169246,0.16563561,0.12894957,0.18414419,0.09109804,0.18848014
TS/Ph-3,25.25240534,-80.66271768,2021,4,Dry,0.24053701,0.15863051,0.13044961,0.18701643,0.08998424,0.19338221
TS/Ph-3,25.25240534,-80.66271768,2021,6,Wet,0.23603887,0.14497929,0.12791132,0.1952515,0.08600767,0.20981136
TS/Ph-3,25.25240534,-80.66271768,2021,7,Wet,0.25064062,0.15731828,0.13301803,0.18319021,0.09176892,0.18406393
TS/Ph-3,25.25240534,-80.66271768,2021,8,Wet,0.24245725,0.16028328,0.12750667,0.18542128,0.09083071,0.19350082
TS/Ph-3,25.25240534,-80.66271768,2021,11,Wet,0.24315736,0.17282195,0.13201479,0.16879468,0.09872452,0.18448671
TS/Ph-3,25.25240534,-80.66271768,2022,1,Dry,0.237907386,0.16669815,0.133065078,0.180304792,0.096645637,0.185378957
TS/Ph-3,25.25240534,-80.66271768,2022,2,Dry,0.240670267,0.167655592,0.131624109,0.181893252,0.096021855,0.182134925
TS/Ph-3,25.25240534,-80.66271768,2022,3,Dry,0.238329401,0.163734292,0.128781241,0.18455281,0.092849723,0.191752532
TS/Ph-3,25.25240534,-80.66271768,2022,5,Dry,0.243168,0.157382714,0.133673328,0.187719838,0.094397974,0.183658146
TS/Ph-3,25.25240534,-80.66271768,2022,6,Wet,0.23123742,0.157483499,0.130351415,0.173885817,0.095857311,0.211184538
TS/Ph-3,25.25240534,-80.66271768,2022,7,Wet,0.229391507,0.153713095,0.126299257,0.166483476,0.090404714,0.233707952
TS/Ph-3,25.25240534,-80.66271768,2022,8,Wet,0.243182977,0.161319789,0.1304894,0.183032882,0.094466332,0.18750862
TS/Ph-3,25.25240534,-80.66271768,2022,9,Wet,0.234367898,0.155993609,0.127685475,0.181246917,0.090905787,0.209800313
TS/Ph-3,25.25240534,-80.66271768,2022,10,Wet,0.24362504,0.171059921,0.136133155,0.187169052,0.102641014,0.159371819
TS/Ph-3,25.25240534,-80.66271768,2022,11,Wet,0.234712982,0.159449811,0.132507452,0.17656235,0.093551875,0.203215531
TS/Ph-3,25.25240534,-80.66271768,2022,12,Dry,0.233969848,0.161732629,0.134870179,0.176709307,0.091783415,0.200934622
TS/Ph-6,25.21418102,-80.6490792,2019,4,Dry,0.23212081,0.17246193,0.12007809,0.19052552,0.08438104,0.20043261
TS/Ph-6,25.21418102,-80.6490792,2019,8,Wet,0.24235581,0.1739693,0.1316331,0.15052012,0.10428056,0.19724112
TS/Ph-6,25.21418102,-80.6490792,2019,9,Wet,0.2532907,0.16909677,0.1304153,0.15531617,0.10271518,0.18916588
TS/Ph-6,25.21418102,-80.6490792,2019,10,Wet,0.2430951,0.17294358,0.1274827,0.14970725,0.10970699,0.19706438
TS/Ph-6,25.21418102,-80.6490792,2019,11,Wet,0.24453665,0.17258853,0.12700744,0.1497575,0.1077254,0.19838449
TS/Ph-6,25.21418102,-80.6490792,2020,1,Dry,0.246396205,0.168067654,0.130794241,0.177436836,0.09514146,0.182163604
TS/Ph-6,25.21418102,-80.6490792,2020,3,Dry,0.242900908,0.170536545,0.125216305,0.186620735,0.088306151,0.186419356
TS/Ph-6,25.21418102,-80.6490792,2020,5,Dry,0.240334105,0.197877038,0.115347674,0.104108981,0.123082313,0.219249891
TS/Ph-6,25.21418102,-80.6490792,2020,6,Wet,0.244310566,0.171275553,0.130701008,0.169740428,0.100024312,0.183948133
TS/Ph-6,25.21418102,-80.6490792,2020,7,Wet,0.248408848,0.170541547,0.127302419,0.179776563,0.100453704,0.173516919
TS/Ph-6,25.21418102,-80.6490792,2020,8,Wet,0.241996316,0.170546159,0.128393055,0.176216195,0.098671879,0.184176397
TS/Ph-6,25.21418102,-80.6490792,2020,9,Wet,0.250289215,0.166824575,0.129816379,0.169916006,0.097741978,0.185411846
TS/Ph-6,25.21418102,-80.6490792,2020,10,Wet,0.246930597,0.161682197,0.128183318,0.170137078,0.095229598,0.197837212
TS/Ph-6,25.21418102,-80.6490792,2020,11,Wet,0.247828516,0.167959569,0.124946133,0.169193212,0.094488308,0.195584262
TS/Ph-6,25.21418102,-80.6490792,2020,12,Dry,0.243319143,0.173167103,0.129573328,0.152061073,0.09887696,0.203002394
TS/Ph-6,25.21418102,-80.6490792,2021,1,Dry,0.239654741,0.173809455,0.127847665,0.182743063,0.095010955,0.18093412
TS/Ph-6,25.21418102,-80.6490792,2021,2,Dry,0.2366186,0.165953922,0.125547642,0.192869747,0.091804412,0.187205677
TS/Ph-6,25.21418102,-80.6490792,2021,3,Dry,0.240641945,0.170383154,0.129314217,0.185328076,0.097592961,0.176739648
TS/Ph-6,25.21418102,-80.6490792,2021,4,Dry,0.239712934,0.18535192,0.124147695,0.153157836,0.107587758,0.190041856
TS/Ph-6,25.21418102,-80.6490792,2021,7,Wet,0.238153102,0.155915845,0.118323056,0.213473943,0.067228391,0.206905664
TS/Ph-6,25.21418102,-80.6490792,2021,8,Wet,0.247724438,0.168587663,0.129201939,0.169809204,0.099420087,0.18525667
TS/Ph-6,25.21418102,-80.6490792,2022,1,Dry,0.238299652,0.169851671,0.131838217,0.177931923,0.098685758,0.183392778
TS/Ph-6,25.21418102,-80.6490792,2022,2,Dry,0.252259301,0.170553929,0.134004076,0.159162132,0.09432053,0.189700031
TS/Ph-6,25.21418102,-80.6490792,2022,5,Dry,0.246042015,0.175051091,0.130302574,0.166334285,0.100019308,0.182250727
TS/Ph-6,25.21418102,-80.6490792,2022,6,Wet,0.247406359,0.173714716,0.13068515,0.161601463,0.114729004,0.171863308
TS/Ph-6,25.21418102,-80.6490792,2022,7,Wet,0.247265105,0.167251916,0.132380248,0.172864491,0.102700454,0.177537787
TS/Ph-6,25.21418102,-80.6490792,2022,10,Wet,0.256048102,0.176630139,0.133772719,0.156082035,0.112204306,0.165262701
TS/Ph-6,25.21418102,-80.6490792,2022,12,Dry,0.239185431,0.177572618,0.125677042,0.147081167,0.110950383,0.199533359
TS/Ph-7,25.19080491,-80.63910514,2019,4,Dry,0.244877527,0.166346551,0.12106074,0.217120751,0.072998172,0.17759626
TS/Ph-7,25.19080491,-80.63910514,2019,6,Wet,0.24335151,0.183635146,0.136368949,0.118346665,0.105793931,0.212503798
TS/Ph-7,25.19080491,-80.63910514,2019,7,Wet,0.244829963,0.171572306,0.125738715,0.167328431,0.097723451,0.192807134
TS/Ph-7,25.19080491,-80.63910514,2019,9,Wet,0.242896874,0.159352701,0.122631799,0.205633725,0.080067985,0.189416916
TS/Ph-7,25.19080491,-80.63910514,2019,11,Wet,0.241848307,0.170429709,0.123625006,0.176611665,0.096580427,0.190904886
TS/Ph-7,25.19080491,-80.63910514,2020,1,Dry,0.24035269,0.165241754,0.121905303,0.209858413,0.076367335,0.186274506
TS/Ph-7,25.19080491,-80.63910514,2020,3,Dry,0.249470275,0.154030111,0.111079663,0.225036098,0.066851137,0.193532716
TS/Ph-7,25.19080491,-80.63910514,2020,5,Dry,0.241063701,0.169073042,0.120927886,0.187856074,0.081348181,0.199731116
TS/Ph-7,25.19080491,-80.63910514,2020,6,Wet,0.243396609,0.173260043,0.126169103,0.173981073,0.098658412,0.18453476
TS/Ph-7,25.19080491,-80.63910514,2020,7,Wet,0.246969213,0.175289381,0.125617906,0.159551174,0.104904507,0.18766782
TS/Ph-7,25.19080491,-80.63910514,2020,8,Wet,0.238490867,0.180944097,0.126812816,0.142647677,0.113011747,0.198092796
TS/Ph-7,25.19080491,-80.63910514,2020,9,Wet,0.243623861,0.172963537,0.131146525,0.162709032,0.094992681,0.194564364
TS/Ph-7,25.19080491,-80.63910514,2020,10,Wet,0.236285993,0.174509543,0.126105679,0.147635462,0.108513909,0.206949415
TS/Ph-7,25.19080491,-80.63910514,2020,12,Dry,0.239622945,0.177853613,0.128931966,0.133492265,0.10575619,0.21434302
TS/Ph-7,25.19080491,-80.63910514,2021,1,Dry,0.235745668,0.177050925,0.125215469,0.166173851,0.100099787,0.1957143
TS/Ph-7,25.19080491,-80.63910514,2021,2,Dry,0.237138377,0.172800243,0.126391331,0.178842332,0.094267565,0.190560153
TS/Ph-7,25.19080491,-80.63910514,2021,3,Dry,0.243647421,0.165313223,0.113464489,0.233985682,0.0712172,0.172371985
TS/Ph-7,25.19080491,-80.63910514,2021,7,Wet,0.249183821,0.167534997,0.124559137,0.181193752,0.089664968,0.187863323
TS/Ph-7,25.19080491,-80.63910514,2021,8,Wet,0.24538307,0.167813751,0.123378111,0.18324601,0.091477166,0.188701894
TS/Ph-7,25.19080491,-80.63910514,2022,1,Dry,0.237880845,0.179058571,0.131257461,0.163433322,0.10571729,0.182652509
TS/Ph-7,25.19080491,-80.63910514,2022,2,Dry,0.246124451,0.173274531,0.125745024,0.17217266,0.097279034,0.1854043
TS/Ph-7,25.19080491,-80.63910514,2022,3,Dry,0.241407058,0.165891833,0.121093294,0.224586943,0.072937441,0.174083431
TS/Ph-7,25.19080491,-80.63910514,2022,5,Dry,0.24143752,0.177051971,0.126360616,0.170478232,0.098173374,0.186498287
TS/Ph-7,25.19080491,-80.63910514,2022,6,Wet,0.241887291,0.182151224,0.129328592,0.14604231,0.120337834,0.180252749
TS/Ph-7,25.19080491,-80.63910514,2022,7,Wet,0.239261932,0.166563351,0.124934393,0.217994637,0.084660355,0.166585332
TS/Ph-7,25.19080491,-80.63910514,2022,8,Wet,0.249451321,0.173600906,0.122922347,0.184721906,0.094699561,0.174603959
TS/Ph-7,25.19080491,-80.63910514,2022,10,Wet,0.243737124,0.179355691,0.13312843,0.16562822,0.105063765,0.173086772
TS/Ph-7,25.19080491,-80.63910514,2022,11,Wet,0.24696389,0.183413374,0.124595053,0.131603056,0.110405616,0.203019012
TS/Ph-7,25.19080491,-80.63910514,2022,12,Dry,0.241772542,0.179411003,0.123130077,0.15033049,0.10589943,0.199456458
TS/Ph-9,25.17692874,-80.48978207,2019,2,Dry,0.427949571,0.231746298,0,0.011081396,0.001952462,0.327270274
TS/Ph-9,25.17692874,-80.48978207,2019,3,Dry,0.385492251,0.216468409,0.014955712,0.052508667,0.026780309,0.303794653
TS/Ph-9,25.17692874,-80.48978207,2019,4,Dry,0.420155177,0.232798987,0,0.022304484,0.003469287,0.321272066
TS/Ph-9,25.17692874,-80.48978207,2019,8,Wet,0.41676386,0.244048496,0.004113075,0.012858982,0.008313728,0.313901859
TS/Ph-9,25.17692874,-80.48978207,2019,9,Wet,0.414915676,0.240733092,0,0.012014667,0.004189033,0.328147532
TS/Ph-9,25.17692874,-80.48978207,2019,10,Wet,0.422595844,0.232520783,0.000571195,0.021333433,0.003569256,0.319409489
TS/Ph-9,25.17692874,-80.48978207,2019,11,Wet,0.424484002,0.231857026,0.001450866,0.013290327,0.003881508,0.325036271
TS/Ph-9,25.17692874,-80.48978207,2019,12,Dry,0.424281378,0.234636721,0,0.01440395,0,0.32659899
TS/Ph-9,25.17692874,-80.48978207,2020,2,Dry,0.416808362,0.23801693,0,0.011379899,0.002581962,0.331212846
TS/Ph-9,25.17692874,-80.48978207,2020,3,Dry,0.42635358,0.23618534,0,0.007609125,0.003891508,0.325960448
TS/Ph-9,25.17692874,-80.48978207,2020,4,Dry,0.420692767,0.245737594,0.001910766,0.002797687,0.006892509,0.321968678
TS/Ph-9,25.17692874,-80.48978207,2020,6,Wet,0.417606591,0.237851681,0.00275145,0.017208868,0.006836738,0.317744672
TS/Ph-9,25.17692874,-80.48978207,2020,7,Wet,0.231291861,0.141453797,0.103756432,0.237271485,0.055216343,0.231010082
TS/Ph-9,25.17692874,-80.48978207,2020,8,Wet,0.223227201,0.14746919,0.104660595,0.242980159,0.061540212,0.220122644
TS/Ph-9,25.17692874,-80.48978207,2020,10,Wet,0.236537888,0.162694332,0.119796841,0.207549186,0.073509541,0.199912212
TS/Ph-9,25.17692874,-80.48978207,2020,11,Wet,0.234699913,0.156092447,0.111270865,0.240636032,0.066498925,0.190801818
TS/Ph-9,25.17692874,-80.48978207,2021,1,Dry,0.217792931,0.147958282,0.109074859,0.211988081,0.059440421,0.253745424
TS/Ph-9,25.17692874,-80.48978207,2021,2,Dry,0.216489754,0.134634718,0.093875695,0.20354666,0.04843062,0.303022553
TS/Ph-9,25.17692874,-80.48978207,2021,3,Dry,0.207174677,0.128591283,0.104166713,0.170817301,0.054909108,0.334340917
TS/Ph-9,25.17692874,-80.48978207,2021,4,Dry,0.233888605,0.152000463,0.113459076,0.213093507,0.059811002,0.227747346
TS/Ph-9,25.17692874,-80.48978207,2021,5,Dry,0.220661446,0.151121986,0.110178796,0.244662953,0.058110783,0.215264036
TS/Ph-9,25.17692874,-80.48978207,2021,6,Wet,0.223050624,0.14692095,0.113932698,0.203646565,0.056758768,0.255690395
TS/Ph-9,25.17692874,-80.48978207,2021,8,Wet,0.213005912,0.161329355,0.123558496,0.230229008,0.071695209,0.20018202
TS/Ph-9,25.17692874,-80.48978207,2021,9,Wet,0.23420502,0.158504769,0.11772609,0.239147115,0.071713715,0.178703292
TS/Ph-9,25.17692874,-80.48978207,2021,10,Wet,0.217769595,0.150877001,0.116041527,0.235809132,0.070043161,0.209459584
TS/Ph-9,25.17692874,-80.48978207,2021,11,Wet,0.244056257,0.158457453,0.114231682,0.242966416,0.067859801,0.172428392
TS/Ph-9,25.17692874,-80.48978207,2021,12,Dry,0.242897391,0.157768394,0.109557349,0.255048859,0.06676819,0.167959817
TS/Ph-9,25.17692874,-80.48978207,2022,1,Dry,0.252792018,0.160307298,0.109119937,0.254257574,0.062181801,0.161341373
TS/Ph-9,25.17692874,-80.48978207,2022,2,Dry,0.251934578,0.15809855,0.120940728,0.208450019,0.063206683,0.197369442
TS/Ph-9,25.17692874,-80.48978207,2022,5,Dry,0.279022385,0.194020099,0.129722094,0.308373625,0.081268733,0.007593064
TS/Ph-9,25.17692874,-80.48978207,2022,6,Wet,0.271316162,0.175028716,0.121729654,0.257943461,0.082964792,0.091017216
TS/Ph-9,25.17692874,-80.48978207,2022,8,Wet,0.277301682,0.171477617,0.130854788,0.25371613,0.084823353,0.081826429